	wikipedia	2015070100	2015080100	2015090100	2015100100	2015110100	2015120100	2016010100	2016020100	2016030100	2016040100	2016050100	2016060100	2016070100	2016080100	2016090100	2016100100	2016110100	2016120100	2017010100	2017020100	2017030100	2017040100	2017050100	2017060100	2017070100	2017080100	2017090100	2017100100	2017110100	2017120100	2018010100	2018020100	2018030100	2018040100	2018050100	2018060100	2018070100	2018080100	2018090100	2018100100	2018110100	2018120100	2019010100	2019020100	2019030100	2019040100	2019050100	2019060100	2019070100	2019080100	2019090100	2019100100	2019110100	2019120100	2020010100	2020020100	2020030100	2020040100	2020050100	2020060100	2020070100	2020080100	2020090100	2020100100	2020110100	2020120100	2021010100	2021020100	2021030100	2021040100	2021050100	2021060100	2021070100	2021080100	2021090100	2021100100
0	ABCA7	230.0	157.0	213.0	235.0	264.0	152.0	232.0	168.0	214.0	247.0	273.0	185.0	190.0	149.0	170.0	165.0	213.0	205.0	219.0	222.0	221.0	198.0	196.0	185.0	180.0	159.0	157.0	174.0	196.0	174.0	248.0	155.0	169.0	183.0	168.0	136.0	149.0	125.0	143.0	164.0	130.0	137.0	159.0	180.0	161.0	225.0	165.0	184.0	177.0	150.0	181.0	190.0	194.0	174.0	235.0	224.0	216.0	271.0	144.0	134.0	116.0	145.0	152.0	238.0	186.0	118.0	165.0	153.0	198.0	152.0	238.0	176.0	195.0	114.0	127.0	110.0
1	AGTPBP1_(gene)																																				23.0	47.0	31.0	21.0	30.0	22.0	37.0	26.0	27.0	21.0	27.0	12.0	32.0	108.0	46.0	39.0	41.0	47.0	58.0	33.0	50.0	19.0	37.0	24.0	21.0	33.0	24.0	27.0	44.0	36.0	13.0	20.0	75.0	35.0	25.0	29.0	34.0	30.0	14.0	19.0	40.0
2	ALOX15	207.0	178.0	261.0	306.0	343.0	366.0	343.0	333.0	436.0	399.0	448.0	417.0	580.0	419.0	378.0	431.0	460.0	528.0	539.0	531.0	573.0	461.0	474.0	426.0	399.0	484.0	555.0	594.0	573.0	451.0	674.0	577.0	603.0	539.0	461.0	470.0	480.0	478.0	462.0	541.0	498.0	415.0	599.0	569.0	650.0	520.0	620.0	527.0	525.0	468.0	557.0	526.0	550.0	415.0	480.0	426.0	512.0	555.0	517.0	537.0	449.0	419.0	506.0	477.0	460.0	374.0	516.0	445.0	538.0	471.0	438.0	421.0	298.0	333.0	402.0	380.0
3	APOA5	356.0	304.0	376.0	375.0	386.0	322.0	377.0	374.0	538.0	530.0	488.0	435.0	404.0	421.0	444.0	481.0	486.0	471.0	484.0	468.0	471.0	460.0	467.0	395.0	336.0	354.0	384.0	485.0	512.0	481.0	439.0	443.0	395.0	443.0	417.0	397.0	359.0	403.0	394.0	489.0	410.0	359.0	409.0	470.0	449.0	442.0	421.0	333.0	288.0	292.0	323.0	661.0	357.0	356.0	393.0	416.0	584.0	399.0	601.0	260.0	243.0	281.0	218.0	238.0	278.0	284.0	284.0	279.0	300.0	309.0	304.0	251.0	218.0	198.0	192.0	220.0
4	Apolipoprotein_D	353.0	278.0	361.0	339.0	410.0	339.0	316.0	391.0	376.0	423.0	389.0	365.0	270.0	355.0	336.0	365.0	496.0	388.0	362.0	413.0	387.0	357.0	370.0	359.0	334.0	333.0	342.0	420.0	432.0	372.0	400.0	401.0	416.0	315.0	460.0	416.0	331.0	363.0	498.0	458.0	487.0	371.0	343.0	321.0	433.0	363.0	347.0	331.0	324.0	313.0	326.0	405.0	382.0	369.0	382.0	344.0	349.0	376.0	414.0	363.0	262.0	289.0	280.0	286.0	357.0	287.0	333.0	306.0	405.0	352.0	356.0	409.0	222.0	228.0	249.0	257.0
5	Atrial_natriuretic_peptide	15636.0	16499.0	20111.0	25466.0	27521.0	23412.0	22504.0	25816.0	29583.0	34280.0	33375.0	22165.0	15326.0	16307.0	20597.0	25736.0	29530.0	24449.0	23004.0	23332.0	28332.0	29538.0	29687.0	19208.0	14551.0	14230.0	16881.0	20780.0	22149.0	17726.0	18027.0	18640.0	21382.0	22576.0	23406.0	17259.0	13390.0	12409.0	15195.0	19648.0	19790.0	18039.0	17721.0	17775.0	21292.0	24075.0	22330.0	16499.0	12149.0	11691.0	13285.0	16518.0	17230.0	14661.0	14354.0	15404.0	14308.0	17606.0	16491.0	13940.0	10969.0	10185.0	11874.0	13832.0	14666.0	13866.0	12917.0	11943.0	13349.0	12368.0	11875.0	10579.0	8570.0	8373.0	8534.0	9513.0
6	BCAR1	170.0	131.0	196.0	379.0	243.0	208.0	227.0	192.0	242.0	212.0	220.0	225.0	147.0	156.0	180.0	232.0	193.0	170.0	232.0	208.0	204.0	165.0	187.0	181.0	162.0	142.0	159.0	193.0	193.0	138.0	211.0	233.0	260.0	246.0	216.0	223.0	211.0	206.0	183.0	289.0	212.0	161.0	204.0	195.0	225.0	159.0	135.0	175.0	187.0	200.0	273.0	216.0	266.0	152.0	220.0	161.0	187.0	246.0	180.0	145.0	173.0	129.0	127.0	170.0	231.0	169.0	134.0	165.0	199.0	161.0	119.0	152.0	102.0	142.0	106.0	97.0
7	Binding_immunoglobulin_protein	1612.0	1458.0	2148.0	2735.0	2518.0	2214.0	2168.0	2358.0	2865.0	2814.0	2633.0	2051.0	1679.0	1736.0	2203.0	2682.0	2817.0	2066.0	2281.0	2339.0	2448.0	2285.0	2494.0	1888.0	1631.0	1571.0	2000.0	2447.0	2615.0	2010.0	2211.0	2125.0	2264.0	2426.0	2322.0	1835.0	1587.0	1695.0	1962.0	2781.0	2562.0	2004.0	2451.0	2102.0	2399.0	2050.0	2041.0	1594.0	1538.0	1294.0	1835.0	2397.0	2465.0	1904.0	1975.0	1955.0	2667.0	2861.0	2120.0	1657.0	1553.0	1440.0	1783.0	2224.0	2177.0	1860.0	1954.0	1715.0	1943.0	1661.0	1700.0	1477.0	1314.0	1004.0	1207.0	1647.0
8	CA12	160.0	134.0	186.0	162.0	181.0	143.0	129.0	107.0	162.0	117.0	190.0	145.0	133.0	153.0	137.0	165.0	158.0	168.0	170.0	201.0	245.0	184.0	183.0	211.0	193.0	160.0	153.0	170.0	226.0	197.0	215.0	224.0	196.0	254.0	236.0	209.0	184.0	192.0	202.0	195.0	229.0	161.0	209.0	154.0	221.0	194.0	136.0	131.0	157.0	159.0	173.0	185.0	197.0	153.0	49.0	29.0	28.0	26.0	14.0	11.0	19.0	21.0	6.0	11.0	7.0	7.0	16.0	22.0	17.0	9.0	8.0	11.0	10.0	5.0	16.0	24.0
9	CASS4	119.0	79.0	104.0	150.0	100.0	109.0	166.0	152.0	244.0	169.0	221.0	176.0	153.0	137.0	171.0	231.0	264.0	381.0	232.0	179.0	145.0	130.0	88.0	109.0	116.0	96.0	105.0	107.0	121.0	114.0	105.0	113.0	117.0	110.0	124.0	103.0	104.0	106.0	119.0	102.0	110.0	94.0	109.0	89.0	126.0	108.0	122.0	82.0	80.0	106.0	88.0	106.0	86.0	74.0	105.0	80.0	67.0	109.0	66.0	79.0	67.0	69.0	56.0	66.0	71.0	63.0	65.0	73.0	86.0	61.0	64.0	54.0	47.0	42.0	49.0	43.0
10	CLCN5	201.0	176.0	205.0	177.0	168.0	162.0	145.0	168.0	201.0	217.0	232.0	177.0	211.0	218.0	198.0	243.0	209.0	163.0	134.0	150.0	214.0	200.0	169.0	169.0	172.0	165.0	155.0	151.0	223.0	175.0	203.0	121.0	145.0	148.0	174.0	152.0	147.0	133.0	134.0	129.0	148.0	126.0	108.0	149.0	144.0	123.0	142.0	136.0	118.0	150.0	148.0	159.0	159.0	133.0	212.0	1294.0	173.0	147.0	127.0	137.0	97.0	122.0	127.0	150.0	207.0	130.0	126.0	142.0	144.0	118.0	112.0	92.0	111.0	69.0	76.0	111.0
11	CSNK1D	52.0	50.0	54.0	62.0	42.0	56.0	66.0	46.0	48.0	38.0	52.0	55.0	66.0	61.0	42.0	54.0	38.0	42.0	59.0	46.0	75.0	83.0	57.0	51.0	73.0	38.0	47.0	54.0	37.0	64.0	63.0	31.0	53.0	53.0	51.0	45.0	61.0	64.0	61.0	48.0	48.0	47.0	40.0	52.0	68.0	238.0	123.0	122.0	151.0	175.0	123.0	158.0	149.0	141.0	179.0	142.0	147.0	196.0	140.0	110.0	111.0	119.0	100.0	118.0	134.0	90.0	121.0	166.0	173.0	153.0	153.0	139.0	125.0	113.0	152.0	168.0
12	CSRP3	163.0	135.0	190.0	214.0	174.0	116.0	140.0	127.0	146.0	164.0	176.0	148.0	131.0	143.0	143.0	140.0	154.0	181.0	144.0	123.0	179.0	141.0	132.0	114.0	102.0	97.0	143.0	138.0	130.0	143.0	149.0	88.0	160.0	105.0	132.0	151.0	143.0	419.0	156.0	161.0	106.0	106.0	193.0	315.0	173.0	175.0	129.0	117.0	128.0	146.0	234.0	127.0	156.0	145.0	166.0	159.0	167.0	196.0	149.0	153.0	132.0	122.0	118.0	185.0	128.0	148.0	136.0	102.0	124.0	111.0	150.0	124.0	102.0	76.0	86.0	110.0
13	CUL4A	148.0	131.0	157.0	163.0	174.0	127.0	220.0	189.0	194.0	238.0	240.0	211.0	174.0	178.0	212.0	206.0	239.0	175.0	231.0	266.0	249.0	272.0	255.0	228.0	199.0	341.0	213.0	291.0	235.0	215.0	239.0	211.0	274.0	245.0	258.0	252.0	208.0	287.0	243.0	298.0	343.0	246.0	303.0	308.0	331.0	293.0	300.0	261.0	238.0	266.0	287.0	277.0	312.0	238.0	287.0	307.0	317.0	346.0	261.0	239.0	255.0	197.0	206.0	226.0	228.0	229.0	265.0	242.0	277.0	300.0	252.0	240.0	148.0	140.0	230.0	182.0
14	CUL4B	109.0	91.0	143.0	149.0	108.0	121.0	110.0	103.0	90.0	145.0	138.0	118.0	81.0	87.0	95.0	117.0	111.0	113.0	157.0	134.0	107.0	100.0	94.0	144.0	90.0	141.0	115.0	126.0	120.0	106.0	122.0	102.0	133.0	99.0	139.0	146.0	99.0	133.0	132.0	134.0	112.0	170.0	105.0	148.0	155.0	136.0	147.0	99.0	93.0	103.0	144.0	114.0	105.0	114.0	127.0	156.0	104.0	135.0	100.0	102.0	84.0	86.0	112.0	105.0	88.0	75.0	101.0	117.0	137.0	89.0	86.0	84.0	146.0	61.0	75.0	54.0
15	Calponin_1,_basic,_smooth_muscle					44.0	12.0	15.0	161.0	9.0	2.0	5.0	3.0	3.0	3.0	3.0	2.0	5.0	1.0	2.0	3.0	7.0	5.0	3.0	2.0	1.0	3.0	5.0	4.0	4.0	4.0	3.0	3.0	6.0	1.0	8.0	3.0	5.0	2.0	3.0	2.0	5.0	7.0	3.0	4.0	3.0	3.0	1.0	3.0	2.0	2.0	0.0	3.0	3.0	1.0	4.0	2.0	0.0	0.0	2.0	0.0	2.0	0.0	1.0	1.0	1.0	0.0	0.0	0.0	1.0	0.0	4.0	2.0	1.0	0.0	0.0	2.0
16	Calponin_2					28.0	11.0	9.0	133.0	38.0	29.0	47.0	68.0	76.0	70.0	51.0	73.0	122.0	66.0	81.0	91.0	103.0	82.0	64.0	82.0	76.0	107.0	129.0	118.0	59.0	74.0	79.0	69.0	50.0	58.0	54.0	62.0	83.0	81.0	77.0	99.0	95.0	56.0	65.0	58.0	74.0	57.0	56.0	74.0	65.0	70.0	93.0	67.0	79.0	55.0	60.0	66.0	62.0	76.0	54.0	37.0	51.0	69.0	58.0	64.0	69.0	44.0	46.0	42.0	51.0	41.0	74.0	50.0	42.0	40.0	46.0	61.0
17	Calponin_3,_acidic					18.0	14.0	8.0	67.0	80.0	15.0	37.0	59.0	26.0	49.0	20.0	34.0	76.0	29.0	40.0	37.0	54.0	53.0	47.0	33.0	28.0	48.0	54.0	51.0	40.0	37.0	45.0	41.0	37.0	37.0	61.0	41.0	60.0	55.0	51.0	61.0	59.0	48.0	81.0	48.0	45.0	44.0	51.0	46.0	52.0	45.0	58.0	53.0	53.0	51.0	60.0	63.0	62.0	71.0	54.0	27.0	54.0	34.0	33.0	34.0	44.0	35.0	47.0	41.0	44.0	30.0	38.0	21.0	35.0	17.0	29.0	35.0
18	Collagen,_type_III,_alpha_1	1495.0	1918.0	2322.0	4156.0	2282.0	1997.0	2096.0	2049.0	2038.0	2078.0	2071.0	1743.0	1545.0	2029.0	2370.0	2209.0	1996.0	1969.0	2529.0	2187.0	2577.0	2188.0	2245.0	2061.0	1751.0	2099.0	2553.0	2623.0	2326.0	1956.0	2140.0	1969.0	2030.0	2059.0	2249.0	1821.0	1896.0	2018.0	2281.0	2282.0	1899.0	1845.0	2192.0	2088.0	2472.0	1966.0	1926.0	1546.0	1433.0	1799.0	2024.0	2107.0	2032.0	1786.0	2183.0	1926.0	1785.0	1910.0	1906.0	1771.0	1512.0	1610.0	1796.0	1874.0	1738.0	1469.0	1724.0	1492.0	1703.0	1564.0	1390.0	1394.0	1326.0	1288.0	1614.0	1498.0
19	Cytochrome_b-245,_alpha_polypeptide	85.0	65.0	112.0	122.0	85.0	94.0	118.0	176.0	198.0	90.0	76.0	110.0	70.0	86.0	88.0	88.0	133.0	93.0	86.0	84.0	119.0	78.0	105.0	88.0	89.0	84.0	82.0	97.0	108.0	126.0	111.0	85.0	104.0	97.0	102.0	88.0	102.0	78.0	98.0	91.0	96.0	91.0	118.0	94.0	107.0	120.0	106.0	65.0	81.0	98.0	149.0	121.0	102.0	95.0	117.0	113.0	140.0	138.0	86.0	64.0	74.0	41.0	64.0	86.0	118.0	91.0	92.0	98.0	89.0	71.0	92.0	121.0	72.0	82.0	106.0	79.0
20	EPHX1	138.0	123.0	127.0	146.0	200.0	127.0	140.0	174.0	175.0	171.0	140.0	148.0	109.0	150.0	147.0	141.0	136.0	123.0	102.0	147.0	139.0	113.0	133.0	138.0	120.0	107.0	104.0	143.0	138.0	132.0	154.0	117.0	128.0	116.0	157.0	116.0	149.0	131.0	155.0	158.0	146.0	147.0	163.0	130.0	168.0	112.0	135.0	154.0	106.0	133.0	149.0	138.0	142.0	129.0	163.0	122.0	181.0	213.0	124.0	84.0	96.0	134.0	103.0	125.0	109.0	99.0	131.0	115.0	187.0	111.0	163.0	116.0	78.0	86.0	112.0	104.0
21	ERCC1	841.0	696.0	1009.0	1097.0	1103.0	1014.0	1005.0	991.0	1045.0	964.0	1100.0	930.0	814.0	915.0	1023.0	1076.0	1142.0	1054.0	1077.0	892.0	1201.0	1065.0	1024.0	939.0	843.0	821.0	954.0	1038.0	1038.0	982.0	1055.0	951.0	1002.0	954.0	951.0	762.0	828.0	808.0	1153.0	1094.0	941.0	932.0	1097.0	932.0	1023.0	980.0	882.0	728.0	736.0	671.0	792.0	961.0	964.0	874.0	720.0	688.0	745.0	866.0	707.0	576.0	544.0	530.0	601.0	640.0	705.0	580.0	561.0	619.0	755.0	616.0	696.0	674.0	482.0	466.0	1455.0	680.0
22	ERCC4	180.0	210.0	235.0	256.0	259.0	223.0	215.0	241.0	234.0	216.0	260.0	222.0	206.0	227.0	214.0	220.0	266.0	219.0	253.0	219.0	284.0	229.0	280.0	176.0	287.0	247.0	218.0	216.0	277.0	234.0	246.0	218.0	267.0	229.0	224.0	216.0	209.0	213.0	179.0	238.0	291.0	233.0	284.0	232.0	273.0	267.0	281.0	231.0	197.0	226.0	306.0	358.0	337.0	239.0	253.0	261.0	260.0	287.0	197.0	153.0	120.0	158.0	172.0	220.0	209.0	190.0	182.0	238.0	182.0	226.0	164.0	176.0	172.0	135.0	146.0	140.0
23	ETFA	105.0	267.0	526.0	120.0	126.0	80.0	88.0	75.0	74.0	107.0	83.0	136.0	72.0	89.0	71.0	81.0	83.0	105.0	105.0	114.0	131.0	99.0	121.0	97.0	82.0	113.0	100.0	109.0	99.0	90.0	140.0	98.0	123.0	101.0	110.0	77.0	88.0	94.0	110.0	110.0	121.0	122.0	117.0	98.0	127.0	99.0	81.0	68.0	102.0	90.0	89.0	114.0	96.0	79.0	109.0	113.0	132.0	161.0	103.0	98.0	143.0	88.0	81.0	93.0	125.0	100.0	113.0	113.0	119.0	101.0	86.0	91.0	72.0	105.0	67.0	83.0
24	ETFB	49.0	117.0	210.0	66.0	56.0	29.0	36.0	34.0	35.0	26.0	57.0	68.0	31.0	48.0	36.0	42.0	35.0	44.0	79.0	35.0	59.0	37.0	32.0	37.0	37.0	51.0	37.0	72.0	44.0	39.0	63.0	46.0	61.0	58.0	43.0	48.0	46.0	38.0	72.0	56.0	43.0	38.0	45.0	44.0	63.0	49.0	53.0	37.0	47.0	49.0	44.0	55.0	54.0	36.0	60.0	52.0	28.0	42.0	37.0	39.0	44.0	40.0	30.0	49.0	32.0	30.0	39.0	49.0	24.0	60.0	34.0	38.0	45.0	28.0	33.0	39.0
25	Embryonal_fyn-associated_substrate	47.0	34.0	52.0	51.0	42.0	69.0	99.0	38.0	37.0	41.0	80.0	62.0	65.0	44.0	47.0	66.0	47.0	67.0	52.0	56.0	68.0	61.0	44.0	47.0	38.0	39.0	64.0	41.0	50.0	41.0	45.0	57.0	56.0	40.0	62.0	41.0	23.0	40.0	30.0	28.0	42.0	35.0	39.0	26.0	24.0	39.0	29.0	50.0	34.0	97.0	136.0	40.0	44.0	31.0	58.0	37.0	45.0	35.0	45.0	45.0	27.0	19.0	23.0	38.0	41.0	27.0	46.0	31.0	27.0	16.0	26.0	29.0	30.0	19.0	29.0	11.0
26	Endothelial_NOS	1557.0	1823.0	2051.0	2836.0	2897.0	2647.0	2685.0	2701.0	3102.0	3287.0	3305.0	2644.0	4391.0	3000.0	3119.0	4166.0	3659.0	3343.0	3282.0	3097.0	3845.0	3777.0	3836.0	3820.0	4382.0	3616.0	2435.0	2991.0	3240.0	2422.0	2592.0	2618.0	3574.0	3534.0	3340.0	2543.0	2198.0	2109.0	2272.0	3133.0	3109.0	2659.0	2638.0	2465.0	3016.0	2953.0	2887.0	2150.0	1894.0	1963.0	2164.0	3128.0	2532.0	2116.0	2223.0	2036.0	2311.0	2480.0	2514.0	2241.0	1466.0	1401.0	1636.0	2026.0	2154.0	1947.0	2028.0	1814.0	2186.0	2063.0	2228.0	1657.0	1487.0	1428.0	1625.0	1652.0
27	Epoxide_hydrolase_2	264.0	273.0	275.0	379.0	481.0	290.0	318.0	313.0	534.0	419.0	384.0	373.0	294.0	363.0	325.0	330.0	408.0	280.0	297.0	333.0	316.0	247.0	361.0	301.0	310.0	235.0	278.0	299.0	371.0	363.0	364.0	350.0	356.0	303.0	364.0	300.0	291.0	267.0	323.0	364.0	426.0	397.0	356.0	371.0	435.0	441.0	448.0	333.0	334.0	359.0	398.0	442.0	428.0	335.0	432.0	376.0	398.0	440.0	315.0	284.0	260.0	237.0	219.0	270.0	271.0	231.0	280.0	230.0	230.0	272.0	264.0	212.0	184.0	185.0	208.0	261.0
28	FBN1	815.0	884.0	1254.0	1243.0	1247.0	1065.0	1091.0	1300.0	1355.0	1617.0	1437.0	955.0	814.0	992.0	1048.0	1243.0	1497.0	630.0	319.0	358.0	466.0	355.0	326.0	257.0	285.0	385.0	334.0	367.0	384.0	282.0	345.0	327.0	357.0	302.0	290.0	268.0	267.0	276.0	286.0	264.0	263.0	346.0	269.0	250.0	296.0	309.0	329.0	225.0	230.0	257.0	254.0	340.0	320.0	374.0	521.0	484.0	504.0	502.0	395.0	330.0	351.0	445.0	389.0	403.0	350.0	327.0	328.0	369.0	400.0	287.0	324.0	275.0	246.0	240.0	279.0	284.0
29	FHL2	211.0	236.0	305.0	251.0	250.0	222.0	274.0	308.0	351.0	287.0	276.0	232.0	248.0	282.0	285.0	301.0	350.0	269.0	249.0	271.0	309.0	304.0	242.0	249.0	238.0	243.0	253.0	278.0	274.0	231.0	254.0	204.0	247.0	247.0	280.0	259.0	245.0	225.0	238.0	227.0	267.0	194.0	309.0	253.0	240.0	282.0	240.0	197.0	217.0	178.0	263.0	387.0	228.0	204.0	242.0	248.0	262.0	214.0	203.0	148.0	125.0	182.0	150.0	206.0	251.0	153.0	161.0	152.0	188.0	199.0	168.0	160.0	122.0	153.0	152.0	152.0
30	Folliculin	249.0	240.0	317.0	314.0	299.0	254.0	247.0	307.0	309.0	342.0	596.0	392.0	385.0	343.0	319.0	373.0	412.0	494.0	449.0	365.0	340.0	271.0	335.0	319.0	277.0	287.0	513.0	389.0	411.0	341.0	359.0	404.0	357.0	364.0	441.0	406.0	429.0	364.0	398.0	407.0	487.0	344.0	381.0	424.0	414.0	390.0	395.0	315.0	306.0	320.0	335.0	351.0	447.0	337.0	306.0	361.0	335.0	332.0	373.0	230.0	277.0	244.0	347.0	302.0	337.0	286.0	275.0	355.0	444.0	306.0	295.0	236.0	213.0	225.0	209.0	230.0
31	GABRB2	97.0	83.0	94.0	99.0	111.0	83.0	96.0	78.0	126.0	101.0	80.0	104.0	89.0	86.0	75.0	117.0	123.0	155.0	102.0	138.0	139.0	137.0	104.0	88.0	124.0	119.0	145.0	155.0	201.0	184.0	243.0	151.0	160.0	154.0	126.0	133.0	131.0	144.0	131.0	154.0	153.0	136.0	185.0	130.0	170.0	137.0	151.0	115.0	128.0	169.0	165.0	155.0	161.0	123.0	147.0	171.0	167.0	209.0	117.0	99.0	95.0	102.0	94.0	154.0	123.0	115.0	141.0	122.0	176.0	127.0	141.0	111.0	83.0	113.0	87.0	123.0
32	HFE_(gene)	3387.0	3471.0	4275.0	5260.0	5148.0	4416.0	5086.0	4944.0	5337.0	5536.0	5402.0	4819.0	3326.0	3782.0	4348.0	5005.0	5193.0	4333.0	5095.0	5075.0	5704.0	4920.0	5301.0	4418.0	3484.0	4359.0	4576.0	5116.0	5584.0	4217.0	5050.0	4746.0	5152.0	4621.0	4770.0	4108.0	3079.0	3223.0	3765.0	4066.0	4165.0	3624.0	4404.0	3758.0	4309.0	4239.0	3941.0	3300.0	2383.0	2715.0	3110.0	3522.0	3177.0	2726.0	3248.0	2999.0	2733.0	2707.0	2675.0	2579.0	2100.0	1772.0	2038.0	2796.0	2871.0	2733.0	2478.0	2674.0	2964.0	2721.0	2494.0	2441.0	1595.0	1519.0	1675.0	1917.0
33	HSD17B1	90.0	99.0	116.0	136.0	127.0	103.0	176.0	244.0	143.0	141.0	125.0	138.0	122.0	132.0	123.0	121.0	112.0	93.0	159.0	161.0	160.0	96.0	133.0	132.0	134.0	83.0	77.0	110.0	172.0	152.0	127.0	108.0	175.0	150.0	159.0	138.0	140.0	155.0	143.0	171.0	163.0	117.0	141.0	111.0	128.0	154.0	120.0	132.0	120.0	118.0	160.0	206.0	161.0	171.0	156.0	150.0	118.0	148.0	141.0	129.0	130.0	123.0	111.0	145.0	162.0	136.0	137.0	154.0	185.0	151.0	97.0	140.0	127.0	95.0	101.0	101.0
34	HSP90AB1	120.0	140.0	150.0	153.0	143.0	131.0	137.0	136.0	158.0	142.0	144.0	144.0	139.0	139.0	135.0	155.0	168.0	148.0	142.0	171.0	208.0	181.0	163.0	167.0	137.0	141.0	151.0	145.0	175.0	170.0	172.0	164.0	151.0	150.0	184.0	133.0	157.0	163.0	136.0	186.0	166.0	179.0	164.0	178.0	179.0	191.0	135.0	139.0	130.0	136.0	197.0	182.0	141.0	168.0	146.0	145.0	185.0	190.0	130.0	125.0	108.0	127.0	119.0	137.0	157.0	131.0	135.0	114.0	132.0	129.0	97.0	103.0	85.0	105.0	96.0	93.0
35	Heat_shock_protein_90kDa_alpha_(cytosolic),_member_A1	223.0	182.0	205.0	215.0	213.0	185.0	211.0	182.0	231.0	186.0	213.0	230.0	222.0	200.0	164.0	209.0	216.0	195.0	181.0	226.0	215.0	211.0	227.0	176.0	158.0	137.0	171.0	162.0	186.0	224.0	207.0	190.0	200.0	168.0	188.0	128.0	152.0	151.0	141.0	193.0	182.0	160.0	199.0	207.0	237.0	174.0	178.0	215.0	271.0	285.0	351.0	240.0	166.0	163.0	197.0	177.0	168.0	202.0	135.0	108.0	118.0	103.0	100.0	210.0	216.0	129.0	160.0	141.0	184.0	153.0	122.0	117.0	150.0	137.0	139.0	125.0
36	IFNA2	266.0	244.0	293.0	297.0	273.0	264.0	383.0	257.0	322.0	334.0	337.0	328.0	315.0	342.0	327.0	339.0	434.0	351.0	374.0	399.0	451.0	433.0	532.0	387.0	350.0	376.0	386.0	505.0	586.0	413.0	455.0	402.0	434.0	446.0	525.0	404.0	368.0	361.0	379.0	442.0	434.0	405.0	431.0	432.0	490.0	508.0	411.0	327.0	342.0	369.0	526.0	2281.0	430.0	345.0	414.0	433.0	3574.0	1566.0	873.0	539.0	454.0	457.0	497.0	643.0	715.0	637.0	665.0	605.0	736.0	743.0	525.0	652.0	472.0	468.0	469.0	497.0
37	IFNL4																																																		127.0	32.0	52.0	39.0	83.0	11.0	4.0	3.0	3.0	5.0	1.0	6.0	1.0	2.0	2.0	1.0	2.0	1.0	2.0	4.0	4.0	7.0	3.0	1.0	0.0	1.0	2.0
38	IGFBP3	1681.0	1733.0	2324.0	2023.0	2062.0	2278.0	2010.0	2086.0	2337.0	2194.0	2160.0	2050.0	1962.0	1931.0	2081.0	2131.0	2781.0	3525.0	2658.0	2217.0	2537.0	2404.0	2273.0	2011.0	1996.0	2105.0	1923.0	2058.0	2170.0	2012.0	2205.0	2009.0	2156.0	2063.0	2154.0	1939.0	1869.0	1865.0	2029.0	4187.0	2892.0	2079.0	2259.0	2020.0	2234.0	1890.0	1846.0	1563.0	1466.0	1335.0	1650.0	1903.0	1857.0	1685.0	1814.0	1745.0	1513.0	1444.0	1378.0	1354.0	1277.0	1200.0	1226.0	1454.0	1352.0	1140.0	1160.0	1413.0	1538.0	1316.0	1266.0	1177.0	832.0	817.0	866.0	777.0
39	IL17A	859.0	741.0	889.0	961.0	958.0	797.0	991.0	1083.0	1171.0	1032.0	1121.0	1039.0	871.0	892.0	989.0	1141.0	1402.0	1016.0	1166.0	1205.0	1618.0	1386.0	1450.0	1301.0	1160.0	1344.0	1491.0	1598.0	1596.0	1221.0	1493.0	1330.0	1586.0	1636.0	1606.0	1407.0	2496.0	1596.0	1946.0	1805.0	1812.0	1607.0	1937.0	1591.0	1842.0	1682.0	1790.0	1481.0	1425.0	1321.0	1426.0	1692.0	1448.0	1336.0	1418.0	1292.0	1610.0	1528.0	1139.0	962.0	884.0	845.0	1296.0	1205.0	1228.0	1079.0	1130.0	1243.0	1453.0	1387.0	1282.0	1176.0	2148.0	892.0	1013.0	1014.0
40	Integrin_beta_6	7.0	2.0	10.0	13.0	2.0	1.0	3.0	3.0	5.0	2.0	1.0	1.0	4.0	0.0	3.0	4.0	3.0	4.0	3.0	5.0	2.0	2.0	4.0	3.0	4.0	3.0	0.0	1.0	4.0	3.0	5.0	4.0	61.0	95.0	102.0	98.0	136.0	112.0	123.0	114.0	110.0	90.0	116.0	104.0	147.0	128.0	109.0	105.0	116.0	112.0	134.0	297.0	189.0	107.0	227.0	207.0	219.0	280.0	231.0	215.0	229.0	134.0	204.0	213.0	235.0	195.0	164.0	207.0	277.0	203.0	264.0	226.0	199.0	150.0	174.0	254.0
41	Interferon_alpha_1	227.0	224.0	314.0	313.0	291.0	228.0	322.0	270.0	55.0	58.0	86.0	43.0	90.0	88.0	75.0	56.0	122.0	81.0	66.0	49.0	80.0	61.0	61.0	100.0	66.0	88.0	82.0	87.0	106.0	98.0	107.0	50.0	45.0	23.0	46.0	41.0	48.0	38.0	44.0	34.0	38.0	51.0	28.0	53.0	30.0	39.0	49.0	42.0	31.0	37.0	90.0	2118.0	60.0	46.0	49.0	34.0	55.0	64.0	14.0	11.0	5.0	16.0	7.0	7.0	3.0	4.0	5.0	27.0	31.0	10.0	7.0	9.0	8.0	14.0	5.0	3.0
42	JAG1	656.0	926.0	832.0	885.0	1267.0	900.0	847.0	951.0	1077.0	1015.0	987.0	758.0	668.0	738.0	845.0	830.0	895.0	1110.0	1085.0	921.0	1078.0	900.0	1224.0	964.0	800.0	769.0	749.0	908.0	947.0	765.0	999.0	885.0	933.0	872.0	934.0	794.0	758.0	1235.0	1792.0	2255.0	1497.0	972.0	1137.0	1061.0	1090.0	831.0	709.0	702.0	684.0	682.0	721.0	890.0	913.0	893.0	764.0	806.0	750.0	808.0	733.0	584.0	529.0	495.0	504.0	631.0	619.0	603.0	520.0	625.0	675.0	594.0	547.0	496.0	348.0	333.0	392.0	379.0
43	Jun_dimerization_protein	199.0	166.0	197.0	181.0	135.0	132.0	503.0	165.0	523.0	206.0	221.0	187.0	188.0	180.0	146.0	182.0	212.0	201.0	202.0	171.0	205.0	221.0	179.0	195.0	151.0	136.0	154.0	183.0	151.0	167.0	234.0	217.0	163.0	171.0	218.0	155.0	157.0	151.0	142.0	135.0	182.0	141.0	152.0	182.0	183.0	184.0	189.0	171.0	138.0	144.0	226.0	370.0	152.0	167.0	176.0	142.0	178.0	194.0	154.0	128.0	95.0	102.0	112.0	100.0	124.0	98.0	92.0	111.0	151.0	141.0	72.0	105.0	110.0	100.0	92.0	54.0
44	KCNE1	418.0	388.0	696.0	407.0	425.0	401.0	435.0	365.0	402.0	395.0	422.0	348.0	345.0	332.0	454.0	428.0	451.0	483.0	511.0	360.0	499.0	467.0	473.0	386.0	321.0	332.0	327.0	386.0	497.0	376.0	486.0	337.0	375.0	302.0	410.0	314.0	262.0	339.0	314.0	340.0	382.0	366.0	359.0	394.0	355.0	366.0	451.0	360.0	317.0	292.0	335.0	352.0	437.0	340.0	413.0	321.0	343.0	321.0	346.0	281.0	225.0	553.0	232.0	270.0	291.0	236.0	283.0	266.0	250.0	233.0	237.0	193.0	152.0	166.0	165.0	187.0
45	KCNE2	260.0	187.0	261.0	272.0	222.0	275.0	207.0	181.0	261.0	265.0	231.0	212.0	264.0	316.0	264.0	306.0	475.0	267.0	211.0	206.0	265.0	264.0	247.0	227.0	192.0	208.0	182.0	205.0	225.0	202.0	260.0	173.0	192.0	158.0	191.0	165.0	163.0	177.0	154.0	161.0	187.0	169.0	142.0	217.0	169.0	190.0	208.0	162.0	143.0	135.0	182.0	433.0	165.0	171.0	184.0	197.0	182.0	143.0	81.0	99.0	91.0	103.0	75.0	118.0	108.0	85.0	89.0	129.0	108.0	110.0	118.0	64.0	57.0	64.0	53.0	81.0
46	KCNE3	274.0	182.0	196.0	160.0	160.0	108.0	153.0	129.0	153.0	129.0	116.0	157.0	175.0	216.0	166.0	209.0	155.0	144.0	122.0	119.0	145.0	162.0	142.0	143.0	128.0	119.0	136.0	130.0	132.0	154.0	211.0	114.0	101.0	117.0	148.0	128.0	115.0	107.0	96.0	138.0	138.0	104.0	111.0	152.0	117.0	129.0	134.0	123.0	108.0	99.0	126.0	107.0	132.0	110.0	128.0	91.0	122.0	107.0	67.0	88.0	54.0	76.0	58.0	68.0	58.0	57.0	52.0	88.0	78.0	42.0	83.0	69.0	49.0	52.0	36.0	41.0
47	KCNE4	130.0	79.0	112.0	79.0	71.0	65.0	84.0	59.0	84.0	86.0	77.0	98.0	218.0	131.0	117.0	128.0	99.0	97.0	63.0	69.0	84.0	107.0	71.0	94.0	71.0	89.0	99.0	78.0	72.0	68.0	144.0	46.0	48.0	74.0	77.0	89.0	63.0	65.0	65.0	77.0	67.0	50.0	76.0	77.0	75.0	77.0	64.0	67.0	56.0	64.0	117.0	104.0	73.0	79.0	109.0	103.0	98.0	76.0	24.0	26.0	29.0	37.0	28.0	45.0	30.0	41.0	25.0	46.0	41.0	35.0	45.0	23.0	28.0	31.0	23.0	26.0
48	KCNE5													57.0	42.0	25.0	40.0	36.0	39.0	34.0	27.0	33.0	49.0	56.0	32.0	27.0	41.0	35.0	35.0	23.0	37.0	60.0	26.0	34.0	34.0	38.0	23.0	24.0	38.0	34.0	39.0	22.0	24.0	42.0	34.0	51.0	40.0	29.0	25.0	27.0	27.0	39.0	27.0	24.0	18.0	33.0	32.0	43.0	45.0	23.0	13.0	12.0	17.0	16.0	24.0	21.0	35.0	15.0	24.0	16.0	28.0	23.0	21.0	18.0	12.0	12.0	15.0
49	KLF4	1112.0	894.0	1031.0	1128.0	1121.0	957.0	1019.0	1001.0	1222.0	1225.0	1204.0	988.0	947.0	800.0	880.0	1050.0	1197.0	1163.0	1139.0	1291.0	1266.0	1201.0	1206.0	1057.0	857.0	861.0	1028.0	1374.0	1330.0	1148.0	1075.0	1022.0	1235.0	1251.0	1410.0	1113.0	1035.0	1046.0	972.0	1189.0	1251.0	1130.0	1238.0	1155.0	1213.0	1273.0	1066.0	948.0	883.0	751.0	976.0	1268.0	1039.0	928.0	929.0	833.0	839.0	931.0	971.0	786.0	700.0	572.0	643.0	747.0	957.0	948.0	787.0	850.0	905.0	791.0	845.0	765.0	605.0	423.0	577.0	581.0
50	Kalirin	151.0	118.0	185.0	168.0	133.0	146.0	204.0	164.0	188.0	167.0	175.0	180.0	214.0	164.0	162.0	184.0	157.0	161.0	167.0	150.0	199.0	197.0	179.0	169.0	139.0	131.0	152.0	182.0	148.0	151.0	156.0	173.0	144.0	154.0	151.0	119.0	167.0	153.0	130.0	157.0	168.0	178.0	139.0	167.0	133.0	130.0	130.0	146.0	120.0	96.0	139.0	162.0	161.0	134.0	149.0	134.0	105.0	154.0	139.0	115.0	103.0	116.0	107.0	143.0	158.0	108.0	107.0	139.0	102.0	135.0	88.0	122.0	75.0	84.0	126.0	108.0
51	Kinesin_family_member_11	314.0	245.0	379.0	415.0	396.0	363.0	336.0	449.0	458.0	537.0	486.0	401.0	281.0	347.0	379.0	372.0	454.0	366.0	432.0	310.0	488.0	515.0	430.0	401.0	314.0	303.0	292.0	333.0	396.0	316.0	291.0	254.0	291.0	363.0	386.0	497.0	301.0	375.0	342.0	473.0	503.0	386.0	367.0	337.0	411.0	420.0	411.0	332.0	351.0	240.0	318.0	349.0	349.0	343.0	395.0	510.0	289.0	381.0	282.0	206.0	269.0	246.0	194.0	313.0	294.0	259.0	213.0	223.0	227.0	337.0	358.0	244.0	249.0	198.0	227.0	240.0
52	LIG3	141.0	122.0	175.0	177.0	113.0	123.0	105.0	127.0	131.0	159.0	136.0	130.0	134.0	145.0	146.0	220.0	195.0	128.0	180.0	171.0	171.0	172.0	159.0	143.0	123.0	148.0	170.0	171.0	167.0	147.0	155.0	190.0	169.0	154.0	166.0	121.0	144.0	145.0	158.0	200.0	174.0	153.0	156.0	125.0	193.0	201.0	210.0	130.0	130.0	155.0	261.0	159.0	195.0	182.0	239.0	182.0	161.0	227.0	176.0	113.0	92.0	105.0	141.0	148.0	147.0	189.0	138.0	169.0	162.0	152.0	148.0	107.0	106.0	89.0	105.0	133.0
53	MAFF_(gene)	185.0	171.0	182.0	181.0	172.0	152.0	203.0	167.0	283.0	165.0	153.0	142.0	148.0	162.0	148.0	206.0	189.0	194.0	167.0	180.0	204.0	204.0	214.0	185.0	171.0	172.0	161.0	178.0	193.0	169.0	265.0	147.0	163.0	150.0	209.0	152.0	145.0	176.0	114.0	147.0	166.0	151.0	146.0	138.0	215.0	183.0	340.0	175.0	164.0	151.0	444.0	222.0	156.0	161.0	212.0	189.0	240.0	188.0	114.0	108.0	83.0	114.0	143.0	127.0	147.0	110.0	138.0	144.0	115.0	140.0	98.0	106.0	106.0	66.0	71.0	81.0
54	MAFG	123.0	227.0	536.0	160.0	132.0	120.0	136.0	111.0	415.0	302.0	115.0	108.0	137.0	160.0	116.0	153.0	198.0	171.0	138.0	143.0	172.0	175.0	207.0	134.0	113.0	143.0	139.0	125.0	154.0	138.0	195.0	124.0	174.0	160.0	202.0	161.0	117.0	186.0	159.0	162.0	167.0	169.0	162.0	145.0	166.0	175.0	337.0	135.0	136.0	119.0	354.0	207.0	162.0	144.0	147.0	274.0	232.0	183.0	135.0	103.0	131.0	96.0	87.0	74.0	116.0	125.0	65.0	109.0	114.0	99.0	87.0	77.0	60.0	66.0	93.0	78.0
55	MAFK	189.0	179.0	226.0	187.0	156.0	172.0	224.0	161.0	297.0	204.0	197.0	175.0	184.0	223.0	198.0	207.0	217.0	249.0	204.0	168.0	200.0	255.0	202.0	173.0	172.0	245.0	222.0	178.0	166.0	186.0	209.0	193.0	199.0	156.0	239.0	137.0	149.0	185.0	163.0	143.0	147.0	179.0	201.0	174.0	168.0	177.0	327.0	144.0	154.0	153.0	246.0	244.0	163.0	121.0	154.0	156.0	183.0	172.0	128.0	95.0	75.0	92.0	88.0	99.0	98.0	76.0	80.0	79.0	99.0	93.0	61.0	99.0	78.0	66.0	54.0	67.0
56	MAPK14	479.0	459.0	538.0	534.0	504.0	464.0	609.0	570.0	577.0	582.0	561.0	557.0	465.0	505.0	482.0	543.0	630.0	579.0	633.0	609.0	747.0	538.0	641.0	485.0	445.0	448.0	488.0	594.0	626.0	497.0	610.0	470.0	506.0	588.0	663.0	564.0	586.0	492.0	523.0	619.0	628.0	546.0	582.0	595.0	701.0	578.0	497.0	380.0	389.0	394.0	568.0	580.0	529.0	431.0	525.0	437.0	458.0	487.0	446.0	398.0	390.0	355.0	366.0	414.0	426.0	360.0	403.0	357.0	430.0	418.0	420.0	395.0	295.0	328.0	344.0	332.0
57	MID1	153.0	117.0	124.0	118.0	105.0	114.0	86.0	104.0	149.0	133.0	118.0	92.0	76.0	100.0	108.0	103.0	120.0	96.0	127.0	138.0	142.0	104.0	138.0	117.0	91.0	125.0	102.0	124.0	152.0	128.0	165.0	154.0	152.0	114.0	161.0	117.0	142.0	113.0	126.0	128.0	131.0	102.0	115.0	103.0	108.0	108.0	83.0	67.0	89.0	116.0	153.0	105.0	129.0	139.0	162.0	127.0	112.0	121.0	98.0	85.0	102.0	81.0	108.0	110.0	120.0	117.0	107.0	121.0	121.0	110.0	173.0	80.0	62.0	84.0	55.0	77.0
58	MLL2	510.0	475.0	564.0	640.0	679.0	439.0	543.0	551.0	591.0	539.0	543.0	526.0	471.0	501.0	476.0	570.0	585.0	577.0	676.0	646.0	746.0	713.0	589.0	214.0	256.0	308.0	237.0	345.0	219.0	196.0	453.0	188.0	264.0	199.0	168.0	121.0	127.0	190.0	175.0	144.0	126.0	138.0	241.0	162.0	130.0	141.0	119.0	102.0	67.0	77.0	129.0	178.0	108.0	91.0	109.0	87.0	93.0	77.0	40.0	40.0	19.0	47.0	26.0	38.0	21.0	24.0	24.0	33.0	40.0	26.0	37.0	27.0	25.0	27.0	20.0	25.0
59	MRAP2	43.0	52.0	53.0	62.0	69.0	47.0	43.0	55.0	49.0	56.0	60.0	60.0	51.0	51.0	47.0	48.0	57.0	44.0	65.0	51.0	92.0	90.0	95.0	71.0	51.0	63.0	48.0	63.0	67.0	77.0	54.0	56.0	50.0	65.0	57.0	48.0	38.0	35.0	37.0	55.0	57.0	45.0	43.0	49.0	54.0	64.0	38.0	36.0	45.0	50.0	41.0	66.0	73.0	48.0	65.0	48.0	47.0	45.0	65.0	174.0	54.0	47.0	42.0	82.0	61.0	65.0	67.0	74.0	66.0	76.0	71.0	69.0	54.0	62.0	65.0	50.0
60	MTA1	232.0	211.0	224.0	207.0	210.0	154.0	243.0	435.0	341.0	256.0	273.0	312.0	263.0	233.0	204.0	275.0	256.0	285.0	229.0	212.0	240.0	258.0	225.0	227.0	239.0	203.0	250.0	247.0	281.0	285.0	274.0	187.0	202.0	161.0	249.0	199.0	202.0	237.0	213.0	242.0	265.0	262.0	241.0	256.0	274.0	225.0	232.0	161.0	174.0	182.0	226.0	403.0	228.0	214.0	205.0	197.0	204.0	242.0	152.0	116.0	118.0	116.0	106.0	175.0	138.0	110.0	132.0	145.0	128.0	132.0	114.0	104.0	122.0	74.0	89.0	97.0
61	MTA2	158.0	163.0	152.0	138.0	134.0	132.0	175.0	264.0	211.0	164.0	146.0	118.0	162.0	192.0	162.0	193.0	192.0	191.0	146.0	183.0	160.0	164.0	162.0	127.0	186.0	174.0	175.0	137.0	340.0	135.0	256.0	129.0	151.0	135.0	183.0	162.0	153.0	148.0	212.0	218.0	162.0	204.0	175.0	160.0	151.0	162.0	134.0	118.0	128.0	152.0	376.0	216.0	168.0	130.0	154.0	148.0	127.0	139.0	92.0	77.0	80.0	79.0	80.0	99.0	74.0	65.0	64.0	79.0	96.0	93.0	59.0	48.0	53.0	64.0	75.0	62.0
62	MTA3	131.0	134.0	167.0	134.0	124.0	120.0	132.0	336.0	217.0	168.0	168.0	137.0	155.0	189.0	143.0	161.0	191.0	202.0	169.0	154.0	136.0	165.0	130.0	132.0	163.0	160.0	135.0	132.0	103.0	251.0	154.0	97.0	125.0	114.0	158.0	136.0	120.0	130.0	121.0	176.0	146.0	139.0	124.0	119.0	123.0	121.0	133.0	94.0	127.0	133.0	149.0	271.0	105.0	123.0	130.0	120.0	125.0	82.0	62.0	46.0	67.0	77.0	51.0	78.0	55.0	63.0	59.0	97.0	75.0	60.0	59.0	38.0	49.0	41.0	56.0	29.0
63	MYH9	458.0	310.0	382.0	360.0	350.0	303.0	354.0	345.0	460.0	359.0	376.0	338.0	342.0	348.0	364.0	382.0	416.0	311.0	353.0	376.0	476.0	409.0	368.0	333.0	308.0	302.0	338.0	389.0	359.0	315.0	363.0	273.0	389.0	562.0	480.0	388.0	451.0	441.0	509.0	522.0	461.0	418.0	454.0	491.0	663.0	496.0	543.0	460.0	483.0	473.0	643.0	762.0	594.0	544.0	608.0	558.0	525.0	483.0	408.0	447.0	383.0	390.0	469.0	469.0	446.0	412.0	457.0	468.0	568.0	495.0	413.0	404.0	309.0	330.0	320.0	323.0
64	MYL2	262.0	225.0	322.0	335.0	238.0	250.0	285.0	285.0	367.0	358.0	370.0	412.0	349.0	314.0	387.0	405.0	419.0	433.0	450.0	393.0	551.0	471.0	432.0	373.0	394.0	388.0	382.0	489.0	430.0	383.0	480.0	427.0	517.0	459.0	494.0	458.0	603.0	539.0	497.0	591.0	514.0	436.0	483.0	526.0	498.0	497.0	423.0	355.0	351.0	373.0	478.0	463.0	459.0	344.0	425.0	432.0	458.0	432.0	357.0	344.0	268.0	253.0	328.0	386.0	352.0	307.0	318.0	296.0	365.0	329.0	348.0	338.0	258.0	207.0	209.0	220.0
65	Melanocortin_2_receptor_accessory_protein																1.0																																												50.0	23.0	11.0	17.0	33.0	17.0	16.0	17.0	11.0	34.0	17.0	26.0	19.0	16.0	33.0	20.0	19.0
66	MiR-155	903.0	758.0	868.0	953.0	931.0	851.0	1010.0	958.0	1055.0	972.0	912.0	895.0	669.0	718.0	756.0	1188.0	1031.0	967.0	1075.0	982.0	1001.0	816.0	814.0	744.0	685.0	649.0	781.0	1043.0	1092.0	768.0	941.0	942.0	998.0	967.0	850.0	947.0	1591.0	2158.0	1198.0	1281.0	1478.0	1109.0	949.0	895.0	1023.0	922.0	963.0	1384.0	2434.0	1037.0	2175.0	2203.0	1124.0	1052.0	1247.0	1805.0	1541.0	1459.0	1188.0	1001.0	1179.0	882.0	826.0	907.0	956.0	840.0	723.0	768.0	720.0	771.0	787.0	639.0	572.0	409.0	600.0	592.0
67	Myosin_binding_protein_C,_cardiac	343.0	363.0	468.0	557.0	655.0	551.0	555.0	620.0	613.0	574.0	572.0	490.0	379.0	394.0	543.0	728.0	594.0	469.0	639.0	614.0	711.0	751.0	588.0	444.0	413.0	1032.0	1096.0	1030.0	839.0	633.0	854.0	717.0	685.0	662.0	788.0	562.0	509.0	518.0	656.0	847.0	698.0	523.0	657.0	647.0	645.0	551.0	562.0	443.0	449.0	488.0	651.0	722.0	707.0	494.0	708.0	602.0	582.0	607.0	593.0	473.0	386.0	341.0	446.0	587.0	603.0	490.0	523.0	452.0	508.0	473.0	473.0	482.0	276.0	233.0	335.0	444.0
68	N-alpha-acetyltransferase_10	78.0	74.0	79.0	80.0	80.0	97.0	101.0	80.0	99.0	106.0	92.0	80.0	76.0	103.0	93.0	122.0	97.0	96.0	81.0	112.0	132.0	103.0	108.0	81.0	62.0	102.0	89.0	115.0	108.0	168.0	141.0	51.0	119.0	129.0	101.0	69.0	92.0	100.0	107.0	112.0	124.0	90.0	95.0	106.0	147.0	105.0	90.0	109.0	72.0	114.0	193.0	141.0	128.0	150.0	127.0	148.0	140.0	121.0	108.0	65.0	73.0	154.0	72.0	111.0	134.0	104.0	81.0	87.0	93.0	61.0	71.0	61.0	62.0	45.0	84.0	66.0
69	NAA15	40.0	70.0	61.0	69.0	48.0	49.0	41.0	55.0	52.0	48.0	37.0	53.0	43.0	48.0	28.0	43.0	53.0	59.0	58.0	48.0	53.0	45.0	62.0	53.0	48.0	53.0	51.0	62.0	45.0	66.0	72.0	37.0	42.0	66.0	65.0	77.0	61.0	68.0	83.0	82.0	53.0	61.0	41.0	56.0	87.0	42.0	61.0	51.0	92.0	49.0	83.0	58.0	42.0	45.0	57.0	88.0	106.0	59.0	55.0	53.0	56.0	60.0	67.0	70.0	124.0	61.0	72.0	99.0	79.0	87.0	53.0	49.0	58.0	58.0	28.0	50.0
70	NEDD4	501.0	524.0	615.0	736.0	666.0	488.0	541.0	623.0	627.0	619.0	707.0	539.0	445.0	420.0	445.0	532.0	579.0	533.0	540.0	569.0	645.0	558.0	711.0	556.0	458.0	431.0	448.0	545.0	590.0	467.0	471.0	456.0	516.0	503.0	526.0	443.0	378.0	387.0	444.0	597.0	593.0	447.0	536.0	527.0	506.0	462.0	490.0	409.0	438.0	316.0	365.0	508.0	480.0	371.0	385.0	347.0	398.0	543.0	460.0	418.0	347.0	351.0	363.0	395.0	410.0	434.0	482.0	381.0	364.0	375.0	582.0	317.0	212.0	199.0	233.0	195.0
71	NEDD4L	85.0	80.0	106.0	135.0	123.0	104.0	127.0	101.0	117.0	119.0	152.0	153.0	107.0	106.0	118.0	156.0	122.0	127.0	139.0	150.0	161.0	122.0	148.0	105.0	130.0	117.0	119.0	106.0	106.0	79.0	133.0	117.0	134.0	115.0	156.0	115.0	107.0	139.0	139.0	132.0	151.0	135.0	178.0	166.0	166.0	126.0	132.0	116.0	145.0	96.0	90.0	146.0	146.0	100.0	102.0	103.0	112.0	125.0	113.0	84.0	67.0	88.0	71.0	115.0	97.0	94.0	134.0	138.0	146.0	107.0	140.0	99.0	66.0	86.0	82.0	99.0
72	NEDD9	180.0	195.0	219.0	227.0	238.0	199.0	274.0	240.0	220.0	231.0	235.0	197.0	180.0	187.0	201.0	269.0	167.0	215.0	173.0	225.0	260.0	219.0	198.0	204.0	158.0	184.0	190.0	222.0	179.0	154.0	191.0	126.0	160.0	168.0	216.0	251.0	203.0	168.0	182.0	210.0	186.0	158.0	171.0	184.0	254.0	196.0	178.0	140.0	156.0	125.0	171.0	158.0	163.0	105.0	130.0	127.0	166.0	168.0	153.0	104.0	148.0	119.0	90.0	121.0	158.0	97.0	134.0	132.0	163.0	159.0	127.0	159.0	87.0	74.0	96.0	67.0
73	NFE2L1	160.0	158.0	170.0	149.0	144.0	105.0	151.0	366.0	204.0	180.0	212.0	191.0	258.0	211.0	167.0	233.0	189.0	192.0	154.0	168.0	221.0	222.0	169.0	188.0	178.0	165.0	158.0	201.0	189.0	178.0	188.0	173.0	170.0	206.0	250.0	212.0	183.0	164.0	153.0	213.0	221.0	173.0	190.0	188.0	196.0	183.0	180.0	127.0	180.0	161.0	231.0	350.0	171.0	148.0	184.0	168.0	187.0	151.0	165.0	128.0	122.0	132.0	116.0	125.0	108.0	122.0	98.0	144.0	155.0	169.0	121.0	104.0	79.0	77.0	105.0	99.0
74	Nav1.5	529.0	381.0	463.0	580.0	586.0	482.0	692.0	583.0	717.0	716.0	713.0	599.0	517.0	514.0	647.0	701.0	793.0	524.0	679.0	700.0	837.0	777.0	740.0	633.0	577.0	494.0	589.0	739.0	773.0	711.0	792.0	580.0	778.0	736.0	831.0	669.0	634.0	978.0	933.0	959.0	917.0	784.0	868.0	748.0	934.0	903.0	801.0	748.0	645.0	599.0	795.0	892.0	779.0	684.0	806.0	818.0	787.0	776.0	755.0	575.0	555.0	530.0	616.0	692.0	663.0	598.0	669.0	674.0	825.0	660.0	629.0	547.0	394.0	452.0	470.0	459.0
75	PAK1	691.0	659.0	796.0	768.0	828.0	575.0	703.0	765.0	852.0	821.0	862.0	724.0	667.0	658.0	685.0	796.0	1618.0	3930.0	5368.0	1990.0	1424.0	1402.0	1794.0	1917.0	2042.0	2724.0	2853.0	3811.0	3918.0	5183.0	3910.0	2079.0	2215.0	1969.0	1026.0	868.0	862.0	984.0	1007.0	2002.0	1106.0	915.0	914.0	1237.0	984.0	726.0	668.0	550.0	544.0	541.0	624.0	657.0	769.0	528.0	624.0	494.0	540.0	690.0	614.0	514.0	431.0	430.0	428.0	603.0	642.0	501.0	562.0	501.0	651.0	545.0	552.0	452.0	378.0	344.0	394.0	426.0
76	PAK2	225.0	187.0	250.0	269.0	183.0	183.0	189.0	197.0	210.0	190.0	173.0	201.0	200.0	188.0	168.0	226.0	226.0	239.0	211.0	234.0	275.0	249.0	219.0	215.0	200.0	178.0	164.0	300.0	204.0	215.0	229.0	192.0	248.0	202.0	248.0	230.0	216.0	456.0	254.0	218.0	247.0	218.0	249.0	233.0	307.0	223.0	208.0	201.0	162.0	185.0	258.0	240.0	218.0	196.0	218.0	177.0	180.0	242.0	184.0	143.0	133.0	136.0	148.0	154.0	132.0	133.0	144.0	151.0	190.0	149.0	150.0	117.0	147.0	93.0	143.0	124.0
77	PAK3	169.0	110.0	143.0	117.0	88.0	103.0	197.0	148.0	141.0	108.0	112.0	125.0	149.0	125.0	113.0	112.0	262.0	136.0	130.0	149.0	152.0	223.0	149.0	140.0	113.0	239.0	162.0	157.0	140.0	135.0	161.0	104.0	159.0	149.0	162.0	157.0	135.0	175.0	111.0	115.0	125.0	111.0	142.0	127.0	165.0	90.0	110.0	92.0	101.0	82.0	142.0	116.0	129.0	144.0	124.0	108.0	143.0	121.0	89.0	94.0	87.0	110.0	66.0	86.0	143.0	72.0	94.0	98.0	133.0	93.0	87.0	70.0	66.0	60.0	70.0	57.0
78	PAK4	207.0	160.0	210.0	156.0	147.0	140.0	144.0	139.0	143.0	156.0	155.0	140.0	161.0	147.0	161.0	136.0	485.0	201.0	208.0	207.0	221.0	198.0	207.0	185.0	195.0	163.0	173.0	193.0	220.0	180.0	222.0	202.0	261.0	229.0	266.0	195.0	197.0	179.0	230.0	221.0	326.0	176.0	212.0	226.0	269.0	243.0	193.0	175.0	184.0	188.0	285.0	217.0	219.0	332.0	262.0	225.0	256.0	255.0	221.0	169.0	130.0	147.0	151.0	176.0	182.0	216.0	176.0	146.0	254.0	143.0	151.0	205.0	111.0	97.0	127.0	99.0
79	PAK6	165.0	119.0	166.0	125.0	117.0	119.0	126.0	113.0	128.0	129.0	100.0	100.0	96.0	102.0	66.0	97.0	152.0	93.0	117.0	94.0	90.0	106.0	78.0	98.0	106.0	75.0	59.0	108.0	116.0	98.0	140.0	86.0	94.0	108.0	127.0	93.0	84.0	123.0	97.0	81.0	98.0	79.0	82.0	102.0	98.0	61.0	60.0	63.0	49.0	49.0	63.0	68.0	68.0	44.0	67.0	50.0	63.0	61.0	65.0	43.0	55.0	51.0	35.0	53.0	56.0	37.0	40.0	45.0	56.0	38.0	46.0	53.0	48.0	26.0	31.0	39.0
80	PAK7	77.0	37.0	66.0	75.0	51.0	67.0	41.0	60.0	62.0	48.0	56.0	58.0	32.0	70.0	40.0	40.0	71.0	19.0	7.0	11.0	14.0	11.0	17.0	17.0	22.0	12.0	16.0	13.0	14.0	26.0	28.0	15.0	29.0	18.0	29.0	16.0	24.0	26.0	25.0	17.0	15.0	11.0	14.0	14.0	16.0	18.0	11.0	6.0	9.0	9.0	35.0	12.0	12.0	6.0	11.0	15.0	8.0	8.0	11.0	1.0	9.0	5.0	5.0	6.0	4.0	3.0	2.0	6.0	18.0	7.0	3.0	4.0	4.0	1.0	0.0	1.0
81	PAX3	880.0	827.0	1068.0	1209.0	1213.0	1009.0	1090.0	1127.0	2081.0	1493.0	1286.0	972.0	856.0	895.0	1105.0	1497.0	1635.0	1927.0	1394.0	1407.0	1567.0	1527.0	1425.0	1194.0	1078.0	960.0	1143.0	1351.0	1419.0	1322.0	1936.0	1460.0	1535.0	1427.0	1522.0	1072.0	1068.0	1025.0	1515.0	1553.0	1659.0	1479.0	2031.0	1787.0	1844.0	1787.0	1596.0	1319.0	1305.0	1253.0	1453.0	1806.0	1704.0	1563.0	1635.0	1382.0	1330.0	1619.0	1437.0	1248.0	1157.0	1084.0	1225.0	1421.0	1605.0	1484.0	1467.0	1510.0	1548.0	1352.0	1383.0	1179.0	1112.0	1050.0	1151.0	1189.0
82	PDGFRA	952.0	878.0	1019.0	1205.0	1061.0	1018.0	1196.0	1075.0	1209.0	1279.0	1273.0	1234.0	972.0	954.0	1091.0	1218.0	1260.0	1131.0	1288.0	1271.0	1406.0	1392.0	1521.0	1240.0	1219.0	1211.0	1395.0	1578.0	1663.0	1190.0	1510.0	1331.0	1441.0	1604.0	1615.0	1467.0	1729.0	1396.0	1303.0	1805.0	1828.0	1614.0	1762.0	1578.0	1775.0	1634.0	1524.0	1574.0	1360.0	1188.0	1390.0	1789.0	1665.0	1328.0	1811.0	1607.0	1510.0	1555.0	1471.0	1277.0	1277.0	1084.0	1306.0	1419.0	1499.0	1379.0	1366.0	1435.0	1687.0	1485.0	1469.0	1328.0	1118.0	993.0	996.0	1082.0
83	PDGFRB	670.0	609.0	822.0	844.0	814.0	702.0	859.0	754.0	864.0	805.0	876.0	738.0	649.0	642.0	764.0	839.0	788.0	651.0	795.0	710.0	936.0	825.0	938.0	890.0	796.0	835.0	773.0	964.0	882.0	787.0	916.0	776.0	991.0	1002.0	1078.0	992.0	995.0	917.0	938.0	1170.0	1158.0	1033.0	1095.0	1081.0	1243.0	1130.0	995.0	814.0	760.0	729.0	1007.0	1165.0	1058.0	810.0	866.0	854.0	799.0	947.0	834.0	753.0	624.0	696.0	755.0	884.0	853.0	754.0	779.0	917.0	957.0	887.0	903.0	806.0	640.0	589.0	669.0	737.0
84	PELP-1	136.0	91.0	103.0	97.0	223.0	112.0	110.0	80.0	114.0	89.0	91.0	74.0	89.0	85.0	91.0	89.0	110.0	135.0	102.0	91.0	82.0	115.0	126.0	90.0	71.0	84.0	94.0	118.0	102.0	83.0	138.0	87.0	105.0	112.0	119.0	111.0	82.0	82.0	73.0	92.0	128.0	130.0	96.0	98.0	165.0	126.0	106.0	142.0	104.0	101.0	126.0	143.0	120.0	101.0	111.0	63.0	98.0	107.0	49.0	58.0	39.0	49.0	46.0	69.0	78.0	64.0	40.0	40.0	50.0	41.0	46.0	53.0	48.0	46.0	46.0	60.0
85	PHF17	136.0	98.0	104.0	101.0	99.0	66.0	88.0	70.0	57.0	216.0	50.0	35.0	81.0	91.0	61.0	71.0	88.0	93.0	49.0	55.0	73.0	90.0	57.0	58.0	61.0	59.0	46.0	49.0	43.0	50.0	61.0	22.0	44.0	25.0	55.0	57.0	54.0	55.0	47.0	40.0	36.0	50.0	47.0	56.0	43.0	54.0	48.0	41.0	34.0	42.0	224.0	165.0	51.0	44.0	65.0	42.0	66.0	35.0	16.0	9.0	2.0	18.0	2.0	7.0	0.0	8.0	2.0	19.0	17.0	3.0	8.0	4.0	7.0	6.0	4.0	5.0
86	POLD1	145.0	148.0	199.0	215.0	157.0	134.0	160.0	157.0	164.0	678.0	348.0	236.0	218.0	255.0	255.0	255.0	282.0	290.0	344.0	313.0	371.0	285.0	401.0	309.0	293.0	285.0	332.0	401.0	364.0	260.0	341.0	346.0	374.0	304.0	395.0	341.0	317.0	488.0	543.0	652.0	541.0	338.0	370.0	361.0	452.0	412.0	308.0	351.0	316.0	574.0	713.0	519.0	604.0	291.0	390.0	371.0	313.0	337.0	256.0	302.0	260.0	249.0	288.0	299.0	270.0	251.0	283.0	352.0	320.0	299.0	313.0	248.0	232.0	228.0	212.0	238.0
87	PRKACA	224.0	184.0	244.0	378.0	249.0	236.0	241.0	202.0	214.0	223.0	211.0	200.0	247.0	250.0	256.0	256.0	259.0	301.0	230.0	241.0	272.0	281.0	252.0	303.0	218.0	268.0	243.0	274.0	276.0	242.0	267.0	250.0	311.0	263.0	340.0	290.0	257.0	257.0	277.0	291.0	330.0	242.0	292.0	301.0	292.0	347.0	271.0	249.0	305.0	239.0	263.0	298.0	305.0	269.0	307.0	275.0	298.0	323.0	308.0	283.0	267.0	245.0	239.0	253.0	269.0	209.0	204.0	222.0	276.0	264.0	282.0	223.0	200.0	119.0	190.0	194.0
88	PRKCE	354.0	275.0	320.0	404.0	370.0	312.0	680.0	385.0	446.0	395.0	425.0	385.0	327.0	355.0	353.0	441.0	397.0	321.0	372.0	390.0	454.0	449.0	455.0	390.0	309.0	368.0	359.0	401.0	411.0	371.0	458.0	347.0	461.0	466.0	405.0	303.0	339.0	341.0	357.0	551.0	400.0	329.0	359.0	333.0	351.0	414.0	456.0	297.0	337.0	314.0	433.0	372.0	386.0	329.0	344.0	258.0	349.0	364.0	277.0	211.0	268.0	234.0	233.0	300.0	271.0	256.0	214.0	225.0	276.0	242.0	250.0	261.0	195.0	160.0	168.0	218.0
89	PURA	353.0	319.0	225.0	257.0	190.0	237.0	254.0	262.0	266.0	302.0	291.0	242.0	357.0	396.0	236.0	361.0	309.0	306.0	412.0	491.0	558.0	337.0	565.0	1038.0	622.0	785.0	566.0	513.0	526.0	303.0	353.0	488.0	796.0	933.0	655.0	459.0	543.0	534.0	908.0	747.0	511.0	761.0	630.0	494.0	667.0	648.0	678.0	609.0	774.0	680.0	828.0	1107.0	1563.0	1415.0	664.0	622.0	491.0	656.0	365.0	232.0	189.0	233.0	194.0	314.0	287.0	180.0	298.0	204.0	188.0	214.0	223.0	180.0	863.0	328.0	306.0	239.0
90	Pulmonary_surfactant-associated_protein_A1	74.0	90.0	125.0	117.0	145.0	108.0	82.0	81.0	83.0	83.0	94.0	109.0	65.0	72.0	89.0	134.0	139.0	94.0	98.0	88.0	120.0	91.0	114.0	84.0	59.0	86.0	29.0	17.0	9.0	10.0	6.0	5.0	8.0	6.0	9.0	5.0	12.0	13.0	4.0	4.0	8.0	7.0	9.0	6.0	1.0	5.0	6.0	6.0	7.0	5.0	3.0	6.0	8.0	2.0	5.0	9.0	4.0	13.0	1.0	0.0	1.0	1.0	0.0	5.0	4.0	4.0	2.0	1.0	3.0	4.0	0.0	3.0	1.0	1.0	0.0	0.0
91	RAD21	275.0	200.0	225.0	268.0	241.0	194.0	232.0	239.0	221.0	248.0	252.0	240.0	185.0	214.0	218.0	260.0	249.0	177.0	223.0	252.0	318.0	266.0	247.0	216.0	192.0	194.0	229.0	248.0	276.0	188.0	267.0	242.0	275.0	281.0	325.0	262.0	258.0	219.0	233.0	261.0	304.0	277.0	275.0	280.0	382.0	307.0	245.0	209.0	221.0	206.0	237.0	278.0	345.0	300.0	303.0	357.0	256.0	378.0	381.0	379.0	332.0	267.0	314.0	378.0	404.0	471.0	386.0	343.0	480.0	442.0	346.0	349.0	279.0	216.0	240.0	308.0
92	RAD23A	108.0	107.0	173.0	181.0	165.0	114.0	126.0	116.0	120.0	115.0	134.0	232.0	107.0	99.0	97.0	111.0	108.0	112.0	103.0	120.0	132.0	132.0	119.0	112.0	87.0	73.0	86.0	121.0	97.0	89.0	117.0	87.0	124.0	122.0	125.0	115.0	87.0	95.0	94.0	124.0	100.0	101.0	101.0	92.0	147.0	130.0	145.0	103.0	102.0	92.0	121.0	102.0	128.0	103.0	146.0	103.0	83.0	105.0	90.0	62.0	62.0	55.0	45.0	53.0	75.0	61.0	68.0	71.0	83.0	84.0	62.0	59.0	38.0	32.0	45.0	30.0
93	RAD23B	95.0	118.0	135.0	110.0	110.0	84.0	137.0	96.0	123.0	126.0	127.0	187.0	97.0	107.0	110.0	111.0	138.0	145.0	89.0	112.0	123.0	146.0	129.0	95.0	100.0	102.0	121.0	152.0	123.0	142.0	167.0	120.0	142.0	140.0	173.0	141.0	114.0	149.0	128.0	147.0	120.0	151.0	107.0	109.0	189.0	143.0	158.0	117.0	119.0	118.0	129.0	163.0	122.0	125.0	144.0	179.0	122.0	133.0	128.0	117.0	69.0	103.0	95.0	107.0	103.0	104.0	139.0	125.0	119.0	140.0	113.0	89.0	107.0	65.0	57.0	73.0
94	RAPGEF3	213.0	229.0	351.0	391.0	396.0	421.0	465.0	498.0	568.0	502.0	501.0	457.0	451.0	394.0	454.0	494.0	556.0	477.0	595.0	465.0	641.0	506.0	557.0	440.0	363.0	384.0	426.0	491.0	483.0	396.0	475.0	392.0	485.0	501.0	500.0	461.0	414.0	368.0	400.0	517.0	478.0	412.0	459.0	404.0	403.0	466.0	437.0	334.0	362.0	289.0	366.0	448.0	401.0	389.0	442.0	370.0	330.0	466.0	399.0	282.0	218.0	225.0	260.0	418.0	352.0	289.0	246.0	337.0	378.0	357.0	310.0	260.0	243.0	175.0	230.0	264.0
95	RAPGEF4	168.0	126.0	151.0	180.0	172.0	152.0	215.0	197.0	250.0	175.0	306.0	228.0	157.0	143.0	147.0	181.0	190.0	201.0	178.0	163.0	211.0	144.0	190.0	139.0	142.0	139.0	136.0	170.0	181.0	150.0	188.0	165.0	158.0	147.0	172.0	140.0	130.0	135.0	156.0	179.0	172.0	139.0	223.0	155.0	192.0	151.0	184.0	159.0	139.0	118.0	154.0	154.0	152.0	137.0	137.0	144.0	185.0	179.0	154.0	157.0	96.0	114.0	97.0	143.0	125.0	128.0	126.0	152.0	132.0	163.0	175.0	153.0	101.0	78.0	134.0	79.0
96	RBM10	59.0	50.0	74.0	59.0	47.0	40.0	46.0	71.0	49.0	47.0	67.0	67.0	42.0	68.0	52.0	48.0	57.0	64.0	74.0	44.0	75.0	55.0	69.0	67.0	47.0	56.0	44.0	65.0	40.0	42.0	67.0	39.0	53.0	55.0	60.0	49.0	58.0	49.0	52.0	65.0	73.0	49.0	50.0	56.0	79.0	88.0	55.0	60.0	55.0	60.0	67.0	74.0	82.0	61.0	66.0	81.0	67.0	58.0	71.0	52.0	79.0	217.0	126.0	117.0	96.0	107.0	78.0	78.0	108.0	80.0	80.0	76.0	79.0	77.0	75.0	58.0
97	SALL4	324.0	291.0	357.0	305.0	376.0	677.0	513.0	448.0	401.0	434.0	407.0	406.0	397.0	379.0	352.0	458.0	473.0	415.0	404.0	448.0	407.0	408.0	353.0	377.0	396.0	375.0	374.0	400.0	396.0	338.0	396.0	345.0	334.0	372.0	453.0	344.0	410.0	866.0	512.0	593.0	651.0	450.0	578.0	486.0	550.0	512.0	485.0	418.0	440.0	384.0	603.0	776.0	579.0	543.0	504.0	533.0	543.0	586.0	459.0	371.0	322.0	318.0	336.0	382.0	450.0	402.0	341.0	394.0	435.0	392.0	346.0	351.0	306.0	244.0	311.0	302.0
98	SCNN1A	184.0	139.0	165.0	122.0	147.0	440.0	158.0	147.0	162.0	167.0	167.0	158.0	167.0	236.0	168.0	167.0	207.0	251.0	187.0	181.0	203.0	234.0	254.0	200.0	174.0	182.0	171.0	215.0	230.0	154.0	218.0	179.0	203.0	175.0	200.0	208.0	170.0	177.0	159.0	179.0	209.0	164.0	182.0	184.0	185.0	178.0	207.0	168.0	195.0	177.0	216.0	179.0	207.0	142.0	214.0	184.0	181.0	193.0	161.0	152.0	113.0	116.0	97.0	135.0	139.0	140.0	141.0	189.0	204.0	121.0	175.0	133.0	98.0	98.0	93.0	95.0
99	SCNN1B	164.0	151.0	175.0	163.0	119.0	398.0	136.0	132.0	139.0	122.0	142.0	102.0	134.0	170.0	128.0	168.0	170.0	287.0	137.0	150.0	147.0	190.0	187.0	130.0	134.0	150.0	118.0	148.0	178.0	215.0	175.0	116.0	144.0	136.0	153.0	129.0	109.0	123.0	96.0	180.0	160.0	90.0	105.0	139.0	110.0	113.0	150.0	110.0	112.0	99.0	187.0	146.0	217.0	124.0	170.0	143.0	124.0	107.0	70.0	47.0	68.0	67.0	75.0	73.0	105.0	53.0	56.0	88.0	114.0	62.0	67.0	45.0	45.0	49.0	49.0	45.0
100	SCNN1D	101.0	59.0	79.0	73.0	60.0	127.0	61.0	82.0	90.0	77.0	65.0	69.0	84.0	86.0	59.0	74.0	69.0	80.0	55.0	79.0	79.0	99.0	89.0	79.0	79.0	82.0	90.0	80.0	85.0	74.0	85.0	48.0	85.0	72.0	74.0	72.0	79.0	61.0	64.0	63.0	72.0	54.0	74.0	66.0	79.0	68.0	78.0	79.0	62.0	64.0	81.0	95.0	85.0	63.0	87.0	80.0	69.0	65.0	49.0	32.0	32.0	37.0	22.0	27.0	26.0	23.0	34.0	57.0	51.0	39.0	50.0	27.0	23.0	42.0	22.0	28.0
101	SCNN1G	155.0	121.0	142.0	132.0	99.0	192.0	114.0	142.0	119.0	117.0	136.0	81.0	134.0	157.0	130.0	125.0	130.0	134.0	106.0	109.0	148.0	127.0	129.0	85.0	95.0	120.0	106.0	135.0	149.0	115.0	142.0	98.0	124.0	110.0	132.0	105.0	87.0	91.0	77.0	95.0	110.0	113.0	115.0	138.0	93.0	107.0	111.0	109.0	93.0	87.0	141.0	106.0	90.0	111.0	137.0	113.0	110.0	115.0	69.0	46.0	41.0	57.0	46.0	44.0	38.0	55.0	56.0	62.0	74.0	38.0	54.0	34.0	43.0	35.0	49.0	50.0
102	SFTPA2	67.0	46.0	81.0	61.0	152.0	60.0	2304.0	68.0	66.0	36.0	42.0	98.0	42.0	51.0	27.0	29.0	36.0	47.0	32.0	42.0	87.0	45.0	33.0	50.0	47.0	46.0	36.0	19.0	11.0	27.0	30.0	11.0	30.0	10.0	12.0	13.0	17.0	20.0	9.0	22.0	21.0	15.0	11.0	9.0	15.0	15.0	21.0	16.0	5.0	12.0	36.0	15.0	12.0	15.0	14.0	6.0	18.0	17.0	8.0	5.0	9.0	4.0	8.0	12.0	7.0	5.0	5.0	10.0	8.0	7.0	12.0	6.0	2.0	4.0	3.0	1.0
103	SKIV2L	58.0	46.0	43.0	40.0	35.0	39.0	35.0	42.0	34.0	42.0	25.0	43.0	24.0	33.0	42.0	45.0	23.0	31.0	37.0	32.0	39.0	35.0	49.0	39.0	41.0	32.0	38.0	42.0	38.0	45.0	51.0	48.0	52.0	58.0	41.0	37.0	50.0	31.0	43.0	53.0	49.0	116.0	60.0	50.0	50.0	42.0	36.0	39.0	40.0	42.0	59.0	51.0	35.0	47.0	57.0	66.0	85.0	99.0	53.0	39.0	55.0	31.0	43.0	43.0	70.0	59.0	37.0	53.0	52.0	61.0	48.0	40.0	42.0	59.0	41.0	48.0
104	SMC1A	173.0	127.0	180.0	156.0	127.0	115.0	148.0	144.0	149.0	146.0	171.0	150.0	132.0	155.0	130.0	180.0	178.0	182.0	158.0	156.0	204.0	177.0	156.0	152.0	116.0	120.0	127.0	159.0	190.0	147.0	149.0	143.0	201.0	213.0	200.0	187.0	161.0	165.0	155.0	178.0	175.0	150.0	171.0	154.0	205.0	173.0	197.0	129.0	146.0	177.0	185.0	168.0	181.0	166.0	375.0	257.0	254.0	266.0	182.0	158.0	190.0	122.0	142.0	161.0	172.0	187.0	186.0	236.0	280.0	270.0	197.0	206.0	188.0	153.0	214.0	150.0
105	Serum_amyloid_A1	142.0	96.0	99.0	99.0	94.0	120.0	104.0	278.0	157.0	183.0	149.0	151.0	150.0	157.0	130.0	133.0	181.0	173.0	210.0	183.0	226.0	212.0	242.0	247.0	222.0	270.0	242.0	249.0	269.0	201.0	272.0	228.0	257.0	297.0	394.0	281.0	276.0	216.0	234.0	306.0	280.0	270.0	263.0	279.0	390.0	295.0	304.0	242.0	220.0	289.0	297.0	314.0	272.0	237.0	262.0	244.0	237.0	275.0	292.0	315.0	267.0	218.0	212.0	305.0	217.0	216.0	280.0	241.0	296.0	309.0	281.0	257.0	229.0	188.0	218.0	221.0
106	TBX3	294.0	306.0	344.0	351.0	278.0	323.0	335.0	270.0	263.0	332.0	315.0	208.0	273.0	306.0	234.0	274.0	379.0	265.0	296.0	308.0	413.0	308.0	338.0	308.0	316.0	248.0	286.0	285.0	310.0	229.0	313.0	256.0	333.0	282.0	369.0	251.0	293.0	213.0	242.0	315.0	313.0	289.0	266.0	430.0	361.0	287.0	274.0	229.0	351.0	313.0	352.0	552.0	353.0	304.0	295.0	274.0	293.0	307.0	201.0	206.0	180.0	196.0	168.0	242.0	295.0	206.0	240.0	269.0	381.0	268.0	273.0	257.0	197.0	172.0	168.0	186.0
107	TEAD1	258.0	226.0	295.0	275.0	282.0	243.0	304.0	240.0	304.0	308.0	292.0	277.0	555.0	334.0	341.0	405.0	433.0	399.0	444.0	448.0	537.0	494.0	490.0	471.0	516.0	465.0	445.0	606.0	595.0	585.0	599.0	569.0	696.0	683.0	757.0	657.0	549.0	525.0	581.0	764.0	752.0	633.0	699.0	689.0	792.0	753.0	765.0	624.0	718.0	749.0	1024.0	1019.0	933.0	765.0	884.0	849.0	874.0	908.0	709.0	578.0	483.0	451.0	540.0	621.0	690.0	616.0	613.0	583.0	700.0	744.0	684.0	639.0	533.0	526.0	584.0	621.0
108	TEAD2	168.0	154.0	210.0	184.0	160.0	147.0	167.0	140.0	152.0	174.0	153.0	146.0	185.0	184.0	164.0	195.0	204.0	181.0	170.0	176.0	219.0	237.0	167.0	159.0	204.0	167.0	165.0	146.0	158.0	156.0	201.0	149.0	148.0	176.0	248.0	173.0	171.0	182.0	197.0	215.0	200.0	204.0	194.0	165.0	220.0	251.0	195.0	152.0	149.0	157.0	385.0	196.0	185.0	148.0	190.0	188.0	187.0	162.0	136.0	113.0	97.0	124.0	100.0	110.0	131.0	100.0	131.0	141.0	148.0	144.0	109.0	116.0	62.0	81.0	88.0	80.0
109	TNMD	63.0	39.0	56.0	49.0	53.0	51.0	31.0	47.0	8.0	11.0	7.0	3.0	4.0	2.0	8.0	8.0	4.0	7.0	2.0	9.0	15.0	16.0	7.0	9.0	11.0	3.0	19.0	12.0	14.0	13.0	15.0	4.0	11.0	8.0	25.0	14.0	9.0	14.0	15.0	13.0	17.0	9.0	14.0	13.0	12.0	7.0	4.0	9.0	10.0	14.0	8.0	15.0	11.0	11.0	16.0	8.0	3.0	5.0	4.0	1.0	4.0	0.0	0.0	3.0	6.0	3.0	5.0	4.0	4.0	4.0	4.0	3.0	5.0	5.0	3.0	3.0
110	TNNI1	135.0	127.0	193.0	137.0	121.0	100.0	128.0	128.0	150.0	120.0	100.0	100.0	120.0	134.0	135.0	123.0	128.0	149.0	161.0	164.0	238.0	164.0	151.0	127.0	124.0	163.0	185.0	205.0	173.0	189.0	225.0	164.0	176.0	197.0	186.0	145.0	193.0	162.0	164.0	153.0	168.0	178.0	181.0	181.0	198.0	233.0	164.0	120.0	146.0	150.0	193.0	130.0	154.0	128.0	167.0	176.0	178.0	149.0	104.0	84.0	98.0	94.0	89.0	104.0	135.0	91.0	111.0	107.0	124.0	100.0	100.0	127.0	72.0	72.0	56.0	89.0
111	TNNI2	146.0	111.0	184.0	133.0	95.0	107.0	105.0	100.0	137.0	100.0	82.0	90.0	85.0	108.0	109.0	88.0	88.0	104.0	116.0	107.0	167.0	119.0	95.0	103.0	91.0	136.0	107.0	139.0	92.0	92.0	130.0	91.0	98.0	95.0	98.0	84.0	72.0	78.0	94.0	77.0	87.0	101.0	98.0	97.0	113.0	102.0	111.0	75.0	94.0	72.0	114.0	82.0	92.0	119.0	147.0	102.0	103.0	111.0	47.0	46.0	29.0	52.0	50.0	67.0	55.0	46.0	44.0	62.0	50.0	48.0	44.0	48.0	28.0	37.0	45.0	38.0
112	TNNI3	291.0	516.0	831.0	272.0	270.0	226.0	261.0	228.0	266.0	271.0	235.0	191.0	190.0	233.0	231.0	215.0	265.0	251.0	232.0	279.0	321.0	277.0	255.0	230.0	231.0	257.0	269.0	278.0	332.0	330.0	320.0	254.0	261.0	265.0	254.0	248.0	288.0	222.0	247.0	256.0	304.0	305.0	281.0	279.0	353.0	283.0	287.0	211.0	226.0	238.0	340.0	287.0	295.0	297.0	289.0	281.0	255.0	248.0	219.0	152.0	168.0	154.0	148.0	184.0	192.0	198.0	234.0	208.0	155.0	191.0	208.0	195.0	128.0	125.0	157.0	157.0
113	TNNT1	161.0	139.0	171.0	146.0	202.0	121.0	136.0	131.0	167.0	109.0	135.0	77.0	102.0	147.0	133.0	107.0	107.0	124.0	115.0	120.0	151.0	124.0	100.0	114.0	113.0	171.0	150.0	137.0	157.0	134.0	168.0	128.0	137.0	122.0	136.0	107.0	118.0	153.0	142.0	127.0	132.0	140.0	146.0	135.0	130.0	155.0	131.0	116.0	117.0	137.0	189.0	178.0	149.0	125.0	177.0	172.0	122.0	130.0	67.0	75.0	73.0	69.0	89.0	202.0	87.0	67.0	77.0	97.0	91.0	96.0	80.0	64.0	85.0	71.0	62.0	141.0
114	TNNT2	370.0	334.0	419.0	461.0	708.0	403.0	441.0	474.0	484.0	465.0	543.0	423.0	384.0	409.0	493.0	481.0	472.0	420.0	416.0	442.0	577.0	506.0	508.0	438.0	427.0	542.0	505.0	554.0	597.0	447.0	493.0	413.0	485.0	515.0	538.0	427.0	457.0	412.0	419.0	500.0	457.0	484.0	505.0	418.0	533.0	500.0	489.0	364.0	367.0	318.0	437.0	575.0	511.0	444.0	487.0	479.0	469.0	479.0	375.0	422.0	323.0	321.0	293.0	477.0	417.0	322.0	370.0	443.0	427.0	358.0	432.0	441.0	359.0	285.0	344.0	426.0
115	TNNT3	108.0	115.0	123.0	105.0	176.0	104.0	103.0	92.0	127.0	100.0	83.0	88.0	80.0	113.0	112.0	95.0	90.0	105.0	117.0	73.0	102.0	106.0	79.0	81.0	81.0	115.0	88.0	113.0	87.0	103.0	134.0	70.0	109.0	82.0	124.0	91.0	94.0	105.0	80.0	82.0	74.0	111.0	87.0	64.0	96.0	101.0	108.0	72.0	81.0	75.0	131.0	106.0	110.0	131.0	151.0	126.0	94.0	94.0	64.0	43.0	52.0	45.0	41.0	69.0	53.0	54.0	42.0	68.0	61.0	49.0	53.0	43.0	29.0	36.0	38.0	41.0
116	TRPV6	357.0	344.0	407.0	465.0	499.0	453.0	438.0	509.0	494.0	605.0	524.0	459.0	475.0	470.0	449.0	571.0	615.0	566.0	522.0	478.0	737.0	672.0	648.0	475.0	375.0	381.0	414.0	568.0	590.0	622.0	552.0	429.0	583.0	539.0	586.0	490.0	377.0	367.0	346.0	532.0	489.0	497.0	451.0	448.0	513.0	573.0	469.0	489.0	355.0	314.0	391.0	464.0	508.0	414.0	516.0	420.0	449.0	566.0	539.0	400.0	372.0	459.0	377.0	461.0	474.0	478.0	416.0	450.0	481.0	525.0	463.0	388.0	306.0	324.0	271.0	388.0
117	TUBB3	299.0	288.0	320.0	272.0	304.0	276.0	300.0	408.0	341.0	402.0	348.0	348.0	275.0	316.0	384.0	371.0	414.0	420.0	408.0	427.0	501.0	361.0	487.0	376.0	343.0	365.0	375.0	448.0	309.0	124.0	101.0	79.0	148.0	131.0	140.0	101.0	77.0	98.0	114.0	100.0	101.0	116.0	124.0	104.0	115.0	102.0	62.0	40.0	54.0	44.0	51.0	77.0	59.0	51.0	70.0	55.0	56.0	61.0	44.0	21.0	29.0	38.0	28.0	48.0	42.0	40.0	36.0	44.0	46.0	21.0	27.0	33.0	26.0	20.0	23.0	23.0
118	Tafazzin	296.0	290.0	419.0	387.0	374.0	334.0	437.0	358.0	423.0	407.0	412.0	354.0	351.0	310.0	398.0	381.0	414.0	359.0	401.0	390.0	446.0	424.0	447.0	393.0	391.0	346.0	371.0	437.0	414.0	328.0	434.0	351.0	412.0	471.0	384.0	394.0	465.0	405.0	525.0	674.0	561.0	559.0	500.0	483.0	491.0	462.0	494.0	454.0	460.0	793.0	460.0	601.0	707.0	447.0	540.0	481.0	432.0	492.0	462.0	448.0	416.0	353.0	431.0	561.0	485.0	491.0	572.0	436.0	501.0	457.0	544.0	422.0	341.0	307.0	415.0	450.0
119	Troponin_C_type_1	204.0	176.0	355.0	406.0	366.0	328.0	361.0	309.0	443.0	417.0	407.0	259.0	267.0	349.0	388.0	453.0	581.0	600.0	516.0	513.0	599.0	513.0	501.0	407.0	323.0	322.0	366.0	567.0	526.0	434.0	423.0	452.0	487.0	448.0	453.0	293.0	253.0	235.0	357.0	414.0	447.0	526.0	387.0	380.0	450.0	449.0	440.0	344.0	245.0	268.0	390.0	436.0	464.0	295.0	335.0	490.0	353.0	440.0	341.0	256.0	238.0	220.0	275.0	412.0	404.0	326.0	335.0	212.0	221.0	206.0	214.0	255.0	236.0	193.0	182.0	245.0
120	Valosin-containing_protein	564.0	505.0	580.0	673.0	790.0	635.0	690.0	690.0	769.0	801.0	846.0	814.0	791.0	692.0	789.0	840.0	958.0	779.0	727.0	719.0	792.0	707.0	760.0	797.0	643.0	670.0	574.0	686.0	773.0	673.0	723.0	718.0	682.0	654.0	685.0	630.0	643.0	671.0	611.0	706.0	745.0	602.0	709.0	785.0	789.0	742.0	731.0	648.0	658.0	625.0	763.0	861.0	858.0	631.0	755.0	723.0	674.0	817.0	641.0	631.0	504.0	484.0	511.0	833.0	696.0	600.0	603.0	714.0	728.0	672.0	787.0	602.0	512.0	526.0	548.0	680.0
121	WNK4	186.0	153.0	197.0	194.0	196.0	161.0	213.0	180.0	228.0	181.0	188.0	137.0	124.0	148.0	179.0	174.0	165.0	183.0	154.0	137.0	225.0	143.0	166.0	124.0	111.0	102.0	155.0	176.0	159.0	144.0	143.0	98.0	143.0	132.0	161.0	135.0	137.0	149.0	154.0	138.0	162.0	133.0	122.0	136.0	144.0	167.0	182.0	157.0	101.0	113.0	130.0	185.0	162.0	1465.0	168.0	160.0	129.0	152.0	91.0	188.0	116.0	92.0	94.0	167.0	116.0	113.0	142.0	136.0	168.0	142.0	107.0	111.0	63.0	107.0	82.0	127.0
122	Zinc_transporter_ZIP12																																														6.0	12.0	17.0	30.0	18.0	30.0	38.0	39.0	35.0	41.0	22.0	27.0	31.0	5.0	8.0	12.0	13.0	11.0	20.0	12.0	11.0	16.0	18.0	16.0	113.0	43.0	19.0	45.0	39.0	26.0	24.0
